{"0": {"1.psl": 3.01006817817688, "2.psl": 3.4093751907348633, "4.psl": 1.6123881340026855, "3.psl": 1.3993890285491943}, "1": {"1.psl": 3.625075578689575, "2.psl": 2.7854559421539307, "3.psl": 5.7762086391448975}, "2": {"1.psl": 4.068967819213867, "2.psl": 5.232195138931274, "4.psl": 3.6525280475616455, "3.psl": 3.325943946838379}, "3": {"0.psl": 5.868260860443115, "2.psl": 3.579993486404419, "3.psl": 1.6345317363739014}, "4": {"0.psl": 2.6125431060791016, "2.psl": 4.324306488037109, "4.psl": 3.7022995948791504}}