{"0": {"0.psl": 3.5018529891967773, "4.psl": 5.171885013580322, "3.psl": 4.151257753372192, "2.psl": 1.470792531967163}, "1": {"0.psl": 2.433109998703003, "4.psl": 2.7136964797973633, "3.psl": 3.36128568649292, "2.psl": 3.0654022693634033}, "2": {"0.psl": 4.577027082443237, "4.psl": 2.144029378890991, "2.psl": 4.979073524475098}, "3": {"4.psl": 4.168744087219238, "0.psl": 3.3820810317993164, "3.psl": 1.1247003078460693, "1.psl": 5.322901248931885}, "4": {"0.psl": 3.610581398010254, "4.psl": 4.73869514465332, "3.psl": 2.4021525382995605, "2.psl": 3.5928847789764404}}