{"0": {"152.psl": 37.01019835472107, "153.psl": 5.1592419147491455, "216.psl": 8.006345987319946, "87.psl": 1.471146821975708, "234.psl": 22.296568870544434}, "1": {"77.psl": 12.606890201568604, "118.psl": 6.333512544631958, "87.psl": 5.922194242477417, "73.psl": 2.726210355758667, "203.psl": 39.47780084609985, "141.psl": 22.474637508392334}, "2": {"154.psl": 30.35515809059143, "40.psl": 8.629053831100464, "197.psl": 1.7990827560424805, "70.psl": 10.712908506393433}, "3": {"39.psl": 13.678914785385132, "109.psl": 6.99419641494751, "87.psl": 6.145587205886841, "38.psl": 33.316975355148315}, "4": {"213.psl": 19.788723468780518, "118.psl": 5.848049879074097, "139.psl": 8.532254457473755, "21.psl": 23.178226709365845}, "5": {"250.psl": 7.493680000305176, "13.psl": 11.839451313018799, "36.psl": 27.571211576461792, "12.psl": 21.448182821273804}, "6": {"13.psl": 37.880889654159546, "31.psl": 13.313568115234375, "174.psl": 12.082006454467773, "87.psl": 25.489214658737183}, "7": {"214.psl": 37.92975640296936, "156.psl": 13.87219524383545, "208.psl": 27.631978750228882}, "8": {"57.psl": 20.791056156158447, "3.psl": 11.999797344207764, "180.psl": 21.955875873565674}, "9": {"39.psl": 13.164884328842163, "231.psl": 24.61200189590454}, "10": {"57.psl": 16.266386032104492, "87.psl": 19.1529598236084, "121.psl": 32.48070025444031, "180.psl": 43.79578638076782}, "11": {"241.psl": 21.486555337905884, "77.psl": 25.149312734603882}, "12": {"4.psl": 22.305293321609497}, "13": {"38.psl": 36.05447769165039, "231.psl": 16.051357746124268, "146.psl": 21.0176944732666}, "14": {"87.psl": 19.021610260009766, "42.psl": 24.755362272262573}, "15": {"177.psl": 27.345680713653564, "185.psl": 29.140771865844727}, "16": {"77.psl": 33.02893543243408, "180.psl": 25.34483504295349}, "17": {"77.psl": 32.35938549041748, "78.psl": 32.20395231246948}, "18": {"111.psl": 25.77698254585266}, "19": {"91.psl": 31.668431520462036, "171.psl": 29.33092474937439}, "20": {"52.psl": 27.48854374885559}, "21": {"149.psl": 37.434396505355835, "68.psl": 28.905357599258423}, "22": {"234.psl": 47.62091040611267, "130.psl": 43.443785190582275}, "23": {"100.psl": 28.492500066757202, "252.psl": 34.2423620223999}, "24": {"237.psl": 37.148808002471924, "146.psl": 35.8360013961792}, "25": {"213.psl": 36.726070404052734, "237.psl": 42.60268473625183}, "26": {}, "27": {"87.psl": 39.84648776054382}, "28": {}, "29": {"13.psl": 36.792227029800415}, "30": {"237.psl": 39.718223333358765, "23.psl": 32.023505210876465}, "31": {}, "32": {}, "33": {}, "34": {}, "35": {}, "36": {}, "37": {}, "38": {}, "39": {}, "40": {}, "41": {}, "42": {}, "43": {}, "44": {}, "45": {}, "46": {}, "47": {}, "48": {}, "49": {}, "50": {}, "51": {}, "52": {}, "53": {}, "54": {}, "55": {}, "56": {}, "57": {}, "58": {}, "59": {}}